{"Bleu_1": 0.003201724430618106, "Bleu_2": 0.0019248330934275742, "Bleu_3": 0.0008435135235720159, "Bleu_4": 0.0004190581737139243, "METEOR": 0.0051667235965133975, "ROUGE_L": 0.00536532697669175, "CIDEr": 0.0}